{
  "error": false,
  "message": "success",
  "count": 10,
  "places": [
    {
      "id": 1,
      "name": "TN Kelimutu",
      "description": "Taman Nasional Kelimutu terletak di Flores, Indonesia. Taman nasional ini terdiri dari bukit-bukit dan gunung-gunung dengan Gunung Kelibara (1.731 m) sebagai puncak tertinggi. Gunung Kelimutu, terdapat danau Danau tiga warna yang juga merupakan tempat dari Taman Nasional Kelimutu.\n\nDi dalam Taman Nasional Kelimutu, terdapat arboretum, hutan kecil seluas 4,5 hektare yang mewakili koleksi keanekaragaman flora di daerah tersebut. Di sana terdapat 78 jenis pohon yang dikelompokkan ke dalam 36 suku. Beberapa koleksi flora yang merupakan endemik Kelimutu adalah uta onga (Begonia kelimutuensis), turuwara (Rhododendron renschianum), dan arngoni (Vaccinium varingiaefolium).",
      "address": "Detusoko, Kabupaten Ende, NTT",
      "longitude": 121.791432,
      "latitude": -8.7415482,
      "like": 100,
      "image": "https://upload.wikimedia.org/wikipedia/commons/thumb/8/83/Kelimutu_2008-08-08.jpg/800px-Kelimutu_2008-08-08.jpg"
    },
    {
      "id": 2,
      "name": "Danau Toba",
      "description": "Danau Toba adalah lokasi letusan gunung berapi super masif berkekuatan VEI 8 sekitar 69.000 sampai 77.000 tahun yang lalu yang memicu perubahan iklim global. Metode penanggalan terkini menetapkan bahwa 74.000 tahun yang lalu lebih akurat. Letusan ini merupakan letusan eksplosif terbesar di Bumi dalam kurun 25 juta tahun terakhir. Menurut teori bencana Toba, letusan ini berdampak besar bagi populasi manusia di seluruh dunia; dampak letusan menewaskan sebagian besar manusia yang hidup waktu itu dan diyakini menyebabkan penyusutan populasi di Afrika timur tengah dan India sehingga memengaruhi genetika populasi manusia di seluruh dunia sampai sekarang.",
      "address": "Kota Pematang Siantar, Sumatera Utara",
      "longitude": 98.8932576,
      "latitude": 2.6540427,
      "like": 100,
      "image": "https://cdn.pixabay.com/photo/2016/12/09/11/51/lake-toba-1894746_960_720.jpg"
    },
    {
      "id": 3,
      "name": "Gunung Bromo",
      "description": "Gunung Bromo (dari bahasa Sanskerta: Brahma, salah seorang Dewa Utama dalam agama Hindu) atau dalam bahasa Tengger dieja \"Brama\", adalah sebuah gunung berapi aktif di Jawa Timur, Indonesia. Gunung ini memiliki ketinggian 2.329 meter di atas permukaan laut dan berada dalam empat wilayah kabupaten, yakni Kabupaten Probolinggo, Kabupaten Pasuruan, Kabupaten Lumajang, dan Kabupaten Malang. Gunung Bromo terkenal sebagai objek wisata utama di Jawa Timur. Sebagai sebuah objek wisata, Bromo menjadi menarik karena statusnya sebagai gunung berapi yang masih aktif. Gunung Bromo termasuk dalam kawasan Taman Nasional Bromo Tengger Semeru.\n\nBentuk tubuh Gunung Bromo bertautan antara lembah dan ngarai dengan kaldera atau lautan pasir seluas sekitar 10 kilometer persegi. Ia mempunyai sebuah kawah dengan garis tengah ± 800 meter (utara-selatan) dan ± 600 meter (timur-barat). Sedangkan daerah bahayanya berupa lingkaran dengan jari-jari 4 km dari pusat kawah Bromo.",
      "address": "Podokoyo, Tosari, Pasuruan",
      "longitude": 112.9355026,
      "latitude": -7.9424931,
      "like": 100,
      "image": "https://images.unsplash.com/photo-1505993597083-3bd19fb75e57?ixlib=rb-1.2.1&ixid=eyJhcHBfaWQiOjEyMDd9&auto=format&fit=crop&w=1354&q=80"
    },
    {
      "id": 4,
      "name": "Bunaken",
      "description": "Bunaken adalah sebuah pulau seluas 8,08 km² di Teluk Manado, yang terletak di utara pulau Sulawesi, Indonesia. Pulau ini merupakan bagian dari kota Manado, ibu kota provinsi Sulawesi Utara, Indonesia. Pulau Bunaken dapat di tempuh dengan kapal cepat (speed boat) atau kapal sewaan dengan perjalanan sekitar 30 menit dari pelabuhan kota Manado. Di sekitar pulau Bunaken terdapat taman laut Bunaken yang merupakan bagian dari Taman Nasional Bunaken. Taman laut ini memiliki biodiversitas kelautan salah satu yang tertinggi di dunia. Selam scuba menarik banyak pengunjung ke pulau ini. Secara keseluruhan taman laut Bunaken meliputi area seluas 75.265 hektare dengan lima pulau yang berada di dalamnya, yakni Pulau Manado Tua (Manarauw), Pulau Bunaken, Pulau Siladen, Pulau Mantehage berikut beberapa anak pulaunya, dan Pulau Naen. Meskipun meliputi area 75.265 hektare, lokasi penyelaman (diving) hanya terbatas di masing-masing pantai yang mengelilingi kelima pulau itu.",
      "address": "Bunaken, Kabupaten Minahasa, Sulawesi Utara.",
      "longitude": 124.7601806,
      "latitude": 1.6231908,
      "like": 100,
      "image": "https://upload.wikimedia.org/wikipedia/commons/thumb/5/5a/Sunset_at_Bunaken_Island%2C_Sulawesi%2C_2016.jpg/800px-Sunset_at_Bunaken_Island%2C_Sulawesi%2C_2016.jpg"
    },
    {
      "id": 5,
      "name": "Pulau Komodo",
      "description": "Pulau Komodo adalah sebuah pulau yang terletak di Kepulauan Nusa Tenggara. Pulau Komodo dikenal sebagai habitat asli hewan komodo. Pulau ini juga merupakan kawasan Taman Nasional Komodo yang dikelola oleh Pemerintah Pusat. Pulau Komodo berada di sebelah timur Pulau Sumbawa, yang dipisahkan oleh Selat Sape. Di Pulau Komodo, hewan komodo hidup dan berkembang biak dengan baik. Hingga Agustus 2009, di pulau ini terdapat sekitar 1300 ekor komodo. Ditambah dengan pulau lain, seperti Pulau Rinca dan dan Gili Motang, jumlah mereka keseluruhan mencapai sekitar 2500 ekor. Ada pula sekitar 100 ekor komodo di Cagar Alam Wae Wuul di daratan Pulau Flores tapi tidak termasuk wilayah Taman Nasional Komodo.",
      "address": "Kabupaten Manggarai Barat, NTT",
      "longitude": 119.332549,
      "latitude": -8.5892072,
      "like": 100,
      "image": "https://cdn.pixabay.com/photo/2020/03/21/19/40/komodo-trekking-4955035_960_720.jpg"
    },
    {
      "id": 6,
      "name": "Dieng Plateau",
      "description": "Dataran tinggi Dieng (DTD) adalah dataran dengan aktivitas vulkanik di bawah permukaannya, seperti Yellowstone ataupun Dataran Tinggi Tengger. Sesungguhnya ia adalah kaldera dengan gunung-gunung di sekitarnya sebagai tepinya. Terdapat banyak kawah sebagai tempat keluarnya gas, uap air dan berbagai material vulkanik lainnya. Keadaan ini sangat berbahaya bagi penduduk yang menghuni wilayah itu, terbukti dengan adanya bencana letusan gas Kawah Sinila 1979. Tidak hanya gas beracun, tetapi juga dapat dimungkinkan terjadi gempa bumi, letusan lumpur, tanah longsor, dan banjir.",
      "address": "Batur, Banjarnegara, Jawa Tengah",
      "longitude": 109.8994385,
      "latitude": -7.2149012,
      "like": 100,
      "image": "https://cdn.pixabay.com/photo/2018/12/03/14/01/mount-prau-3853489_960_720.jpg"
    },
    {
      "id": 7,
      "name": "Kepulauan Raja Ampat",
      "description": "Kepulauan Raja Ampat merupakan rangkaian empat gugusan pulau yang berdekatan dan berlokasi di barat bagian Kepala Burung (Vogelkoop) Pulau Papua. Secara administrasi, gugusan ini berada di bawah Kabupaten Raja Ampat, Provinsi Papua Barat. Kepulauan ini sekarang menjadi tujuan para penyelam yang tertarik akan keindahan pemandangan bawah lautnya. Empat gugusan pulau yang menjadi anggotanya dinamakan menurut empat pulau terbesarnya, yaitu Pulau Waigeo, Pulau Misool, Pulau Salawati, dan Pulau Batanta.",
      "address": "Kabupaten Raja Ampat, Papua Barat",
      "longitude": 130.5079122,
      "latitude": -0.233333,
      "like": 100,
      "image": "https://images.unsplash.com/photo-1516690561799-46d8f74f9abf?ixlib=rb-1.2.1&ixid=eyJhcHBfaWQiOjEyMDd9&auto=format&fit=crop&w=1350&q=80"
    },
    {
      "id": 8,
      "name": "Kepulauan Derawan",
      "description": "Kepulauan Derawan adalah sebuah kepulauan yang berada di Kabupaten Berau, Kalimantan Timur. Di kepulauan ini terdapat sejumlah objek wisata bahari menawan, salah satunya Taman Bawah Laut yang diminati wisatawan mancanegara terutama para penyelam kelas dunia.\n\nKepulauan Derawan memiliki tiga kecamatan yaitu, Pulau Derawan, Maratua, dan Biduk Biduk, Berau.\n\nSedikitnya ada empat pulau yang terkenal di kepulauan tersebut, yakni Pulau Maratua, Derawan, Sangalaki, dan Kakaban yang ditinggali satwa langka penyu hijau dan penyu sisik.",
      "address": "Kabupaten Berau, Kalimantan Timur",
      "longitude": 118.2414973,
      "latitude": 2.2842912,
      "like": 100,
      "image": "https://upload.wikimedia.org/wikipedia/commons/4/4e/Derawan_Island_East_Kalimantan.jpg"
    },
    {
      "id": 9,
      "name": "Kawah Putih",
      "description": "Kawah Putih adalah sebuah tempat wisata di Jawa Barat yang terletak di desa Alam Endah, Kecamatan Rancabali, Kabupaten Bandung Jawa Barat yang terletak di kaki Gunung Patuha. Kawah putih merupakan sebuah danau yang terbentuk dari letusan Gunung Patuha. Tanah yang bercampur belerang di sekitar kawah ini berwarna putih, lalu warna air yang berada di kawah ini berwarna putih kehijauan, yang unik dari kawah ini adalah airnya kadang berubah warna. Danau Kawah Putih sendiri berada pada ketinggian 2194 m tapi luas total Danau Kawah Putih 25 ha yang dipakai wisata 5 ha dan lokasi kawah sendiri 3 ha",
      "address": "Sugihmukti, Kec. Pasirjambu, Bandung",
      "longitude": 107.399951,
      "latitude": -7.166154,
      "like": 100,
      "image": "https://upload.wikimedia.org/wikipedia/commons/thumb/f/ff/Kawah_Putih_from_the_bottom%2C_Bandung_Regency%2C_2014-08-21.jpg/800px-Kawah_Putih_from_the_bottom%2C_Bandung_Regency%2C_2014-08-21.jpg"
    },
    {
      "id": 10,
      "name": "Pantai Tanjung Tinggi",
      "description": "Keistimewaan dari pantai ini adalah batu granit yang beraneka ragam ukurannya, dari yang hanya beberapa meter kubik hingga ratusan meter kubik. Saat matahari mulai terbenam pantai tanjung tinggi akan memancarkan pesona kecantikaannya yang luar biasa. Dengan keindahan pantai yang memiliki khas tersendiri sehingga membuat pantai tanjung tinggi banyak dikenal oleh para wisatawan luar daerah maupun luar negeri. Pantai Tanjung Tinggi ini pernah dijadikan lokasi shuting film Laskar Pelangi dan Sang Pemimpi, jadi tak jarang para wisatawan luar menyebut pantai tanjung tinggi ini dengan sebutan pantai Laskar Pelangi.",
      "address": "Kecamatan Sijuk, Kabupaten Belitung, Bangka Belitung",
      "longitude": 107.7115838,
      "latitude": -2.5517187,
      "like": 100,
      "image": "https://upload.wikimedia.org/wikipedia/commons/thumb/2/26/Tanjung_Tinggi_Beach%2C_Bangka-Belitung_Province%2C_Indonesia.jpg/800px-Tanjung_Tinggi_Beach%2C_Bangka-Belitung_Province%2C_Indonesia.jpg"
    }
  ]
}